{
  "ProjectName": "\u65B0\u9879\u76EE1",
  "DutImagePath": "D:\\code\\\u5DE5\u7A0B\u6D4B\u8BD5\\\u65B0\u9879\u76EE1\\Images\\Capture_20251216_231217.jpg",
  "ActiveProbeName": null,
  "InstrumentConfig": {
    "IpAddress": "192.168.1.51",
    "Port": 5025,
    "CenterFrequencyHz": 433920000,
    "CenterFrequencyUnit": "MHz",
    "SpanHz": 2000000,
    "SpanUnit": "MHz",
    "Points": 1001,
    "ReferenceLevelDb": -25,
    "RbwHz": 18000,
    "RbwUnit": "KHz",
    "VbwHz": 18000,
    "VbwUnit": "KHz"
  },
  "ScanConfig": {
    "StartX": -16.0476303,
    "StartY": 93.7332382,
    "StopX": 165.007324,
    "StopY": 146.073914,
    "NumX": 60,
    "NumY": 15,
    "ScanHeightZ": -14.0017004,
    "ScanAngleR": -272.672607
  },
  "MeasurementNames": [
    "\u6B63\u9762Hx",
    "\u6B63\u9762Hy",
    "1\u53F7\u4FA7\u9762Hx",
    "\u80CC\u9762Hx",
    "2\u53F7\u4FA7\u9762Hx",
    "3\u53F7\u4FA7\u9762Hx",
    "3\u53F7\u4FA7\u9762Hy",
    "4\u53F7\u4FA7\u9762Hy",
    "4\u53F7\u4FA7\u9762Hx",
    "1\u53F7\u4FA7\u9762Hy",
    "\u80CC\u9762Hy",
    "2\u53F7\u4FA7\u9762Hy"
  ],
  "IsCalibrated": true,
  "MatrixM11": -0.20017091029299136,
  "MatrixM12": 0,
  "MatrixM21": 0,
  "MatrixM22": 0.20148187802161696,
  "OffsetX": 214.17107624531968,
  "OffsetY": 44.277242024739593
}