{
  "ProjectName": "\u65B0\u9879\u76EE1",
  "DutImagePath": "D:\\Scan_system\\FieldScanNew\\\u5DE5\u7A0B\u6D4B\u8BD5\\\u65B0\u9879\u76EE1\\Images\\Capture_20251210_104844.jpg",
  "ActiveProbeName": null,
  "InstrumentConfig": {
    "IpAddress": "192.168.1.51",
    "Port": 5025,
    "CenterFrequencyHz": 1000000000,
    "SpanHz": 10000000,
    "Points": 101,
    "CenterFrequencyUnit": "GHz",
    "SpanUnit": "MHz",
    "ReferenceLevelDb": 0
  },
  "ScanConfig": {
    "StartX": 225.54245,
    "StartY": -89.572525,
    "StopX": 238.370163,
    "StopY": -35.5636482,
    "NumX": 10,
    "NumY": 10,
    "ScanHeightZ": -12.5497999,
    "ScanAngleR": -15.1071997
  },
  "MeasurementNames": [
    "test"
  ],
  "IsCalibrated": true,
  "MatrixM11": -0.1869664571670272,
  "MatrixM12": 0,
  "MatrixM21": 0,
  "MatrixM22": 0.20783892217007552,
  "OffsetX": 354.66142607031406,
  "OffsetY": -132.22093328887766
}