{
  "ProjectName": "\u65B0\u9879\u76EE1",
  "DutImagePath": "D:\\Scan_system\\FieldScanNew\\\u5DE5\u7A0B\u6D4B\u8BD5\\\u65B0\u9879\u76EE1\\Images\\Capture_20260113_200644.jpg",
  "ActiveProbeName": null,
  "InstrumentConfig": {
    "IpAddress": "192.168.1.51",
    "Port": 5025,
    "CenterFrequencyHz": 433920000,
    "CenterFrequencyUnit": "MHz",
    "SpanHz": 2000000,
    "SpanUnit": "MHz",
    "Points": 1001,
    "ReferenceLevelDb": -25,
    "RbwHz": 18000,
    "RbwUnit": "KHz",
    "VbwHz": 18000,
    "VbwUnit": "KHz"
  },
  "ScanConfig": {
    "StartX": 208.793564,
    "StartY": -201.512314,
    "StopX": 295.054932,
    "StopY": -170.949158,
    "NumX": 10,
    "NumY": 10,
    "ScanHeightZ": -107.485703,
    "ScanAngleR": -178.019699
  },
  "MeasurementNames": [
    "\u6B63\u9762Hx",
    "\u6B63\u9762Hy",
    "1\u53F7\u4FA7\u9762Hx",
    "\u80CC\u9762Hx",
    "2\u53F7\u4FA7\u9762Hx",
    "3\u53F7\u4FA7\u9762Hx",
    "3\u53F7\u4FA7\u9762Hy",
    "4\u53F7\u4FA7\u9762Hy",
    "4\u53F7\u4FA7\u9762Hx",
    "1\u53F7\u4FA7\u9762Hy",
    "\u80CC\u9762Hy",
    "2\u53F7\u4FA7\u9762Hy",
    "test"
  ],
  "IsCalibrated": true,
  "MatrixM11": 0.21806027686820839,
  "MatrixM12": 0,
  "MatrixM21": 0,
  "MatrixM22": 0.22225673942484406,
  "RotateAngle": 270,
  "OffsetX": 99.426464080810476,
  "OffsetY": -231.91193991440994
}